first_name,last_name,job_title,department,email,address,phone_number,salary,password
Tina,Jacobs,"Teacher, adult education",Passenger transport manager,taranelson@example.net,Salinasborough,769-738-6669,79586,4G4vMR4A
Jessica,Estrada,Water quality scientist,Environmental education officer,danielarnold@example.net,Mullinsburgh,510-548-0345x699,44996,BrhAiVjI
Patricia,Alvarez,Sports coach,Volunteer coordinator,derrickthompson@example.com,Rachelport,(530)535-6651x3307,4331,JKpbBdV0
Robert,Williams,Illustrator,"Therapist, music",troycline@example.com,North James,+1-357-393-5070x7280,15405,7AXhrtF6
Sandra,Larsen,Fashion designer,Manufacturing engineer,sjacobson@example.org,Johnsonbury,(943)901-4942,26526,aDycmXdg
Michael,Rodriguez,Geochemist,Textile designer,sean99@example.org,East Carlland,(982)812-3009,36208,3dIaEGLm
Michael,Nguyen,Secondary school teacher,Actuary,janewoods@example.org,Scottberg,589-420-4477x25767,27201,nPJupmVj
Jon,West,Quality manager,"Psychologist, prison and probation services",catherine48@example.com,Lake Reneeville,972.884.0026x8144,66143,SgkUi5FA
Alicia,Horne,"Copywriter, advertising",Animal nutritionist,cwatts@example.com,North Marieton,779-823-8838x896,49615,zsTgmf32
Danielle,Griffin,Health service manager,"Optician, dispensing",rickysavage@example.com,Lake Deannaview,+1-389-835-8205,69060,OtVVf4w1
Annette,Long,Youth worker,Gaffer,jessica97@example.net,Jorgestad,(832)333-0400x083,36320,6xJKhiIg
James,Turner,Veterinary surgeon,Intelligence analyst,jasonmosley@example.org,Kurtstad,816-797-3447x6300,11624,m0OyRWDs
Melvin,Vargas,Public relations account executive,Furniture designer,millstanya@example.net,Lake Betty,950-268-3980x55265,53595,oYg65csy
Briana,George,Building services engineer,"Research officer, trade union",audrey51@example.com,Jessicastad,2797923286,53924,eMVhLP3K
Charles,Horton,Personal assistant,Energy manager,jessica45@example.com,Katherineview,549.237.8947,46246,DJrRikAL
Patricia,Cox,Advertising account planner,Herbalist,michael68@example.com,Kennethberg,001-617-953-2926x9959,63634,5LPgGswC
Nicole,Glenn,Systems developer,Holiday representative,jonesheidi@example.com,Joseside,493.271.3253x686,87431,NohJN3B3
Jody,Charles,"Sales professional, IT","Teacher, English as a foreign language",danielcombs@example.net,North Davidville,+1-601-602-7586x5708,4090,r6IWcAMR
Joshua,Bauer,Special educational needs teacher,Hydrologist,karen96@example.com,Collinsburgh,+1-545-665-6126x5047,35912,cTikStXt
Christina,Johnson,Furniture designer,Fashion designer,careyjulie@example.org,New Jennifer,887-413-8264x78181,97431,RqBixmiC
Emma,Rowe,Control and instrumentation engineer,"Accountant, chartered",adamrichardson@example.net,South April,877.247.1569,10188,eP0V9Dna
Meghan,Mullins,"Engineer, site",Insurance broker,dylan02@example.com,Port Marissa,947-765-4008x66083,57050,rCXvX5vm
Nicholas,Walsh,Commercial horticulturist,Fish farm manager,emilymeyer@example.com,Brownville,(732)799-3546x57956,10620,aiGi4FhV
Thomas,Mcmillan,Clinical biochemist,Research scientist (medical),oirwin@example.org,Michaelville,001-317-969-0562x601,53562,Pf61UdXa
Lance,Davis,Hydrographic surveyor,"Designer, interior/spatial",terri00@example.net,East Kristifort,+1-285-433-5574,62366,R66v99n8
Jessica,Lynch,Chartered public finance accountant,"Conservator, museum/gallery",ihughes@example.org,East Meredithbury,(410)296-8771,64582,em4M5zRU
Robert,Robinson,"Doctor, hospital",Logistics and distribution manager,perkinsrachel@example.net,West Olivialand,788-756-1879x34781,72854,4sJ23gXR
Jesse,Padilla,Product/process development scientist,Freight forwarder,harrisonjason@example.org,North Patriciachester,373.959.8277x33396,93570,P93jfTQe
Catherine,Collins,"Engineer, civil (contracting)",Commercial/residential surveyor,shahnathan@example.com,North Matthew,001-672-361-0952x268,17997,hVGNHSGR
Stephanie,Espinoza,Jewellery designer,Television/film/video producer,carterbrian@example.org,Nguyenberg,374.251.5882x166,80975,mJBJ3OdQ
Gary,Rodriguez,Medical sales representative,"Surveyor, commercial/residential",aboyd@example.org,South Lori,302.815.7550x088,48948,VuXD7djV
Tina,Smith,Naval architect,"Engineer, manufacturing systems",smithkimberly@example.com,Tinaport,+1-596-854-3210x4428,38779,A0UPmigf
Stephanie,Lucero,Diagnostic radiographer,"Designer, jewellery",micheal35@example.net,Weavermouth,+1-680-995-8332x352,1477,oxhKJkJt
Travis,Riley,Heritage manager,Psychiatrist,mbenson@example.com,Gallagherburgh,(720)243-4290,90640,2AeMzAnW
Yvette,Wood,Health promotion specialist,"Research officer, government",joshua95@example.com,Davidmouth,296-673-5471x699,32605,zpbFhDB8
Jeffrey,Brown,Insurance broker,"Designer, industrial/product",zcruz@example.com,Nathanside,568.254.8441,87133,6Kby8OTK
Elizabeth,Robinson,Rural practice surveyor,"Producer, radio",hernandezemily@example.net,Prattstad,+1-689-645-8076x293,72911,V8UGTm7h
Jeremy,Jenkins,Interior and spatial designer,Sales executive,xscott@example.com,Figueroastad,001-368-343-9141x4077,52805,OiDgCLtK
Jeremy,Gonzalez,Regulatory affairs officer,Horticultural consultant,michelle56@example.net,North Tylerfurt,(985)342-3113,94326,3yJAqUL0
Jason,Thomas,Civil Service administrator,Health promotion specialist,peggyhughes@example.net,New Shellyhaven,497.327.7049x0203,34673,oCwWLcm6
Justin,Cox,Lexicographer,"Doctor, general practice",johnsonallison@example.com,North Heatherbury,(769)519-2279x65325,83120,IjNV5462
Scott,Wright,Film/video editor,Forensic scientist,grantbrittany@example.org,Vaughnchester,(518)817-7389x903,4596,RlrLlUG5
Dustin,Williams,Chief of Staff,Physiological scientist,ann65@example.com,Elliottstad,938.372.7570,74103,8ZNOHRlm
Elizabeth,Vega,Government social research officer,Fine artist,joseph40@example.org,Victoriaborough,762.944.4674x43293,68852,htiRLyoZ
Jeremy,Lee,"Production assistant, radio",Financial manager,jcrawford@example.org,Andrewland,9397580561,20799,qXZ0myPS
Leah,Knapp,English as a foreign language teacher,Maintenance engineer,traci73@example.net,Amandamouth,357-851-9496x5005,87737,2tmvjirF
Katelyn,Evans,Occupational therapist,Merchant navy officer,monicalopez@example.net,East Kathrynport,(986)528-7122x508,90433,5fEz0Rj5
Jill,Orr,"Teacher, special educational needs",Fashion designer,kerry94@example.org,North Matthewborough,+1-309-694-5469x82912,29757,oW23qT29
Erik,Whitney,"Buyer, retail",Retail banker,olopez@example.org,East Alyssa,+1-739-420-2234,26981,l0F8e6g9
Brian,Pratt,Armed forces logistics/support/administrative officer,Claims inspector/assessor,zdunn@example.net,South Yolanda,586-399-9710,32318,pEJxB00u
Kari,Cunningham,Logistics and distribution manager,Insurance claims handler,hollanderin@example.com,East Bobbyton,(756)316-8531x159,1870,LJqd0Lr3
John,Rodriguez,Legal executive,"Civil engineer, contracting",chadmartinez@example.com,Huntmouth,+1-632-271-2347x749,69054,bG58BcXo
Maureen,Pope,Occupational therapist,Patent examiner,richardsontodd@example.net,Bellshire,(824)848-8675x86467,24849,91h4IL6s
David,Bullock,Operations geologist,Armed forces logistics/support/administrative officer,robertbrewer@example.net,Lake Randallside,461-590-0389,85651,4E1H1AzA
Gregory,Lang,"Surveyor, minerals",Building control surveyor,keithhumphrey@example.net,Jessicafort,+1-544-272-0627,98331,J7DEfYP4
Lisa,Thompson,"Runner, broadcasting/film/video",Therapeutic radiographer,pnunez@example.net,Port Joe,588.531.3787x17121,42052,9W6WZYUT
Christina,Mitchell,Clothing/textile technologist,Arts administrator,vasquezangela@example.org,New Michael,9433257487,37679,f89hxHNh
Jason,Smith,Barrister's clerk,Print production planner,ewinters@example.com,South Robynville,(681)650-1021x7006,64565,AShKXht6
Alexa,Gilbert,"Accountant, chartered management","Engineer, materials",oarcher@example.net,Martinfort,614-539-6829x470,43969,mc0eRpDd
Ashley,Reed,"Engineer, biomedical",Clinical embryologist,hoeddie@example.net,West Patty,(821)446-2120x240,61245,OyTCya0X
Jonathon,Walker,Adult guidance worker,"Buyer, retail",edwardsbarbara@example.org,Port Rachel,001-246-804-5341x13219,98179,Ant8S5f7
Jacqueline,Johnson,"Production designer, theatre/television/film",Health visitor,jenniferkelly@example.net,Lake Andrew,736.650.3665x1038,10928,JfKFdmkp
Lori,Jimenez,Radiation protection practitioner,Meteorologist,juan62@example.org,Shawnaview,(822)293-7648x1126,54064,fYwWT3B3
Natasha,Carr,Translator,"Designer, graphic",rangelmichael@example.org,East Maryburgh,200.895.9672,48626,lClsz3xz
Theresa,Allen,Television production assistant,Chartered certified accountant,marcusatkinson@example.org,Birdburgh,001-609-806-4564x698,25502,pqF59A2e
Jennifer,Cook,Network engineer,Office manager,sperez@example.net,Marcusstad,(277)825-0550x50686,83210,nMlmrfXm
Lucas,Armstrong,"Engineer, structural",Bonds trader,gregory17@example.net,Lake Ashley,5448917135,14002,1OpmdGVH
Daniel,Ward,Colour technologist,Print production planner,becky76@example.org,East Meghan,+1-550-702-8094x320,87613,WK45OSvc
John,Atkinson,Amenity horticulturist,IT consultant,moracolleen@example.net,Thompsontown,(973)968-6838,77667,mBTJo6ep
Nathan,Eaton,"Editor, commissioning",Sport and exercise psychologist,smithdarryl@example.org,Knoxstad,322-702-0283,57030,ZQ2c1cb2
Anthony,Barron,Neurosurgeon,"Engineer, electrical",josephchen@example.net,Port Kaylee,001-317-514-9655x6118,40993,fahz5XmN
Tina,Mora,Hydrographic surveyor,"Presenter, broadcasting",fordkatherine@example.com,Wilsontown,+1-632-733-4886,9098,9smPVWmv
Michele,Brown,"Sales professional, IT",Commercial horticulturist,ubyrd@example.net,Freemanside,001-779-398-7938x56054,5504,HjBYg2zW
Adrienne,Parker,"Engineer, technical sales","Engineer, site",mcgrathdanielle@example.org,East Dontown,692-270-9450x892,33494,SbEl2Opm
Cody,Webb,Diagnostic radiographer,Clinical biochemist,murraytracy@example.org,West Sandra,(243)520-0837x76291,78498,kja54Gmf
Amanda,Morgan,Dispensing optician,Chief Operating Officer,matthew92@example.org,Danielsfort,887-314-3357,50148,qfnOGMEN
William,Haynes,"Therapist, speech and language","Designer, textile",ealvarez@example.org,Morganburgh,(822)830-6280,21187,1Omw98AA
Wanda,Lewis,Armed forces operational officer,Higher education careers adviser,webervalerie@example.net,Lisaton,933-655-2149x8384,12424,18SVGddB
Gerald,Noble,Further education lecturer,"Physicist, medical",xjohnson@example.org,Davidshire,001-317-767-2596x9084,27877,S6dBYmul
Jessica,Cannon,Nutritional therapist,Meteorologist,ronaldmeyers@example.net,East Brendaburgh,207.717.1136,5335,WxYwNamp
Robert,Taylor,Meteorologist,Software engineer,kelly72@example.com,Timothychester,576-852-1345x241,15728,WvpxJDpB
David,Davis,"Scientist, product/process development",Further education lecturer,barnesmegan@example.com,West Jeremiah,+1-973-731-2782x7641,48400,x5eVxewj
Catherine,Morgan,"Loss adjuster, chartered","Psychologist, counselling",matthewmathis@example.net,New Justin,3057308973,75058,bccsM1kw
Kimberly,Marquez,"Scientist, water quality",Private music teacher,pdavis@example.com,Port Suzanneberg,(809)452-1231,58895,2ddScuEt
Daniel,Mitchell,Biomedical scientist,Higher education careers adviser,robertsshelia@example.com,Laurastad,959.261.7061,50492,xYxb7pom
Laura,King,Travel agency manager,"Accountant, chartered management",ogreen@example.org,Elizabethville,4397543888,47161,mbJJ2HDF
Marc,Jones,"Secretary, company",Futures trader,jillhamilton@example.net,West Kevin,503-533-3552x8114,68535,1wPKmDf6
Kristen,Lee,Computer games developer,Chartered legal executive (England and Wales),blake74@example.org,Reynoldshaven,865.642.3565x65703,94065,vznkiFed
Joy,Gomez,"Surveyor, minerals","Solicitor, Scotland",melissa67@example.org,Nguyenmouth,635-546-9607x19800,57406,ipl4v8jQ
Kimberly,Black,Electronics engineer,Community education officer,rpeck@example.net,Romeroside,001-536-625-1399x68749,29319,SguCsStU
Shawn,Parsons,Diagnostic radiographer,Sports administrator,watsonsarah@example.org,Port Michelle,(936)689-8292x05583,41761,RhI7KJxt
Kelly,Brown,Commissioning editor,"Engineer, structural",diazjustin@example.net,Blevinsland,807.246.5434x417,86739,c9kM6fiZ
Gary,Woods,"Teacher, early years/pre",Health physicist,morgan94@example.net,West James,001-503-782-7753x99106,85037,g8IZTg6D
Mallory,Torres,Housing manager/officer,"Psychologist, prison and probation services",deleonjohn@example.org,North Seth,+1-667-965-0258x51433,49936,fgvpo3jZ
Kaitlin,Dudley,Medical sales representative,"Copywriter, advertising",fwong@example.org,Yutown,608.575.4189x44468,68801,HLABrltd
Thomas,Espinoza,Pharmacologist,"Geologist, engineering",rosemary@example.net,Padillamouth,2266277766,23934,iNmC7egP
Julie,Smith,Economist,Television production assistant,davidthomas@example.net,Sheilaberg,744.815.2613,60382,8EwW2h2W
Kim,Bean,Lexicographer,Product manager,terri38@example.net,Robinsonberg,001-820-679-5395x433,72982,m8ps30yY
Rebecca,Adkins,Medical secretary,"Surveyor, minerals",maria80@example.org,Carterview,+1-713-964-8153,22000,LA0YRrwY
Allison,Duncan,Ceramics designer,Armed forces operational officer,lopezbrett@example.net,Lake Cassandra,(551)935-9022,21154,Qm4gxYmT
